{
  "BSD100": 0.1718334336578846,
  "Set5": 0.06972074881196022,
  "Set14": 0.11240930196184379,
  "Urban100": 0.15661731101572512
}