{
  "BSD100": 28.548485279083252,
  "Set5": 32.483628845214845,
  "Set14": 28.85293931227464,
  "Urban100": 25.528673706054686
}