{
  "BSD100": 0.18591614600270986,
  "Set5": 0.09263093546032905,
  "Set14": 0.1314412813920241,
  "Urban100": 0.1597293781489134
}