{
  "BSD100": 28.080340671539307,
  "Set5": 31.414949035644533,
  "Set14": 28.21222055875338,
  "Urban100": 24.926882457733154
}