{
  "BSD100": 0.10380861772224308,
  "Set5": 0.08712337464094162,
  "Set14": 0.09600381323924431,
  "Urban100": 0.1262834582105279
}