{
  "BSD100": 26.845263023376464,
  "Set5": 28.827597427368165,
  "Set14": 26.57216116098257,
  "Urban100": 23.547559604644775
}